2020-10-21T12:55:19.657576+00:00,app[web.1]:,AB_TESTING:,A,1603284905370,1603284919528,mp3,qhlyrhvzh
2020-10-21T12:55:21.255463+00:00,app[web.1]:,AB_TESTING:,A,1603284905370,1603284921125,mp3,qhlyrhvzh
2020-10-21T12:55:23.985411+00:00,app[web.1]:,AB_TESTING:,C,1603284923850,0,0,qhlyrhvzh
2020-10-21T12:55:27.511872+00:00,app[web.1]:,AB_TESTING:,A,1603284927377,0,0,qhlyrhvzh
2020-10-21T13:06:06.706684+00:00,app[web.1]:,AB_TESTING:,A,1603285566476,0,0,pqixfxqu
2020-10-21T13:06:08.644534+00:00,app[web.1]:,AB_TESTING:,A,1603285566476,1603285568546,mp1,pqixfxqu
2020-10-21T13:06:08.857790+00:00,app[web.1]:,AB_TESTING:,A,1603285566476,1603285568760,mp1,pqixfxqu
2020-10-21T13:06:09.069500+00:00,app[web.1]:,AB_TESTING:,A,1603285566476,1603285568972,mp1,pqixfxqu
2020-10-21T13:06:09.283870+00:00,app[web.1]:,AB_TESTING:,A,1603285566476,1603285569183,mp1,pqixfxqu
2020-10-21T13:06:09.502089+00:00,app[web.1]:,AB_TESTING:,A,1603285566476,1603285569405,mp1,pqixfxqu
2020-10-21T13:06:09.715023+00:00,app[web.1]:,AB_TESTING:,A,1603285566476,1603285569616,mp1,pqixfxqu
2020-10-21T13:06:09.929177+00:00,app[web.1]:,AB_TESTING:,A,1603285566476,1603285569832,mp1,pqixfxqu
2020-10-21T13:06:10.140715+00:00,app[web.1]:,AB_TESTING:,A,1603285566476,1603285570041,mp1,pqixfxqu
2020-10-21T13:06:10.350923+00:00,app[web.1]:,AB_TESTING:,A,1603285566476,1603285570253,mp1,pqixfxqu
2020-10-21T13:06:10.857227+00:00,app[web.1]:,AB_TESTING:,A,1603285566476,1603285570757,mp2,pqixfxqu
2020-10-21T13:06:11.069647+00:00,app[web.1]:,AB_TESTING:,A,1603285566476,1603285570970,mp2,pqixfxqu
2020-10-21T13:06:11.289896+00:00,app[web.1]:,AB_TESTING:,A,1603285566476,1603285571190,mp2,pqixfxqu
2020-10-21T13:06:11.502112+00:00,app[web.1]:,AB_TESTING:,A,1603285566476,1603285571403,mp2,pqixfxqu
2020-10-21T13:06:11.719566+00:00,app[web.1]:,AB_TESTING:,A,1603285566476,1603285571621,mp2,pqixfxqu
2020-10-21T13:06:11.934684+00:00,app[web.1]:,AB_TESTING:,A,1603285566476,1603285571836,mp2,pqixfxqu
2020-10-21T13:06:12.148543+00:00,app[web.1]:,AB_TESTING:,A,1603285566476,1603285572047,mp2,pqixfxqu
2020-10-21T13:06:12.364583+00:00,app[web.1]:,AB_TESTING:,A,1603285566476,1603285572260,mp2,pqixfxqu
2020-10-21T13:06:13.350396+00:00,app[web.1]:,AB_TESTING:,C,1603285573249,0,0,pqixfxqu
2020-10-21T13:07:36.582421+00:00,app[web.1]:,AB_TESTING:,A,1603285656236,0,0,qvdwhkba
2020-10-21T13:07:39.088176+00:00,app[web.1]:,AB_TESTING:,A,1603285656236,1603285658956,mp4,qvdwhkba
2020-10-21T13:07:39.377550+00:00,app[web.1]:,AB_TESTING:,A,1603285656236,1603285659233,mp4,qvdwhkba
2020-10-21T13:07:39.672475+00:00,app[web.1]:,AB_TESTING:,A,1603285656236,1603285659524,mp4,qvdwhkba
2020-10-21T13:07:39.954363+00:00,app[web.1]:,AB_TESTING:,A,1603285656236,1603285659821,mp4,qvdwhkba
2020-10-21T13:07:40.211900+00:00,app[web.1]:,AB_TESTING:,A,1603285660085,0,0,ztwegukupi
2020-10-21T13:07:40.233370+00:00,app[web.1]:,AB_TESTING:,A,1603285656236,1603285660099,mp4,qvdwhkba
2020-10-21T13:07:40.512146+00:00,app[web.1]:,AB_TESTING:,A,1603285656236,1603285660380,mp4,qvdwhkba
2020-10-21T13:07:40.797963+00:00,app[web.1]:,AB_TESTING:,A,1603285656236,1603285660664,mp4,qvdwhkba
2020-10-21T13:07:41.080125+00:00,app[web.1]:,AB_TESTING:,A,1603285656236,1603285660946,mp3,qvdwhkba
2020-10-21T13:07:41.360908+00:00,app[web.1]:,AB_TESTING:,A,1603285656236,1603285661226,mp3,qvdwhkba
2020-10-21T13:07:41.641995+00:00,app[web.1]:,AB_TESTING:,A,1603285656236,1603285661506,mp3,qvdwhkba
2020-10-21T13:07:41.919503+00:00,app[web.1]:,AB_TESTING:,A,1603285656236,1603285661787,mp3,qvdwhkba
2020-10-21T13:07:42.614312+00:00,app[web.1]:,AB_TESTING:,A,1603285660085,1603285662500,mp4,ztwegukupi
2020-10-21T13:07:42.845852+00:00,app[web.1]:,AB_TESTING:,A,1603285660085,1603285662732,mp4,ztwegukupi
2020-10-21T13:07:43.069744+00:00,app[web.1]:,AB_TESTING:,A,1603285660085,1603285662955,mp4,ztwegukupi
2020-10-21T13:07:43.291049+00:00,app[web.1]:,AB_TESTING:,A,1603285660085,1603285663179,mp4,ztwegukupi
2020-10-21T13:07:43.923037+00:00,app[web.1]:,AB_TESTING:,A,1603285660085,1603285663805,mp4,ztwegukupi
2020-10-21T13:07:44.763502+00:00,app[web.1]:,AB_TESTING:,A,1603285656236,1603285664620,mp1,qvdwhkba
2020-10-21T13:07:45.046046+00:00,app[web.1]:,AB_TESTING:,A,1603285656236,1603285664910,mp1,qvdwhkba
2020-10-21T13:07:45.757505+00:00,app[web.1]:,AB_TESTING:,A,1603285656236,1603285665622,mp2,qvdwhkba
2020-10-21T13:07:46.053994+00:00,app[web.1]:,AB_TESTING:,A,1603285656236,1603285665904,mp2,qvdwhkba
2020-10-21T13:07:46.641883+00:00,app[web.1]:,AB_TESTING:,C,1603285666523,0,0,ztwegukupi
2020-10-21T13:07:49.056677+00:00,app[web.1]:,AB_TESTING:,C,1603285668922,0,0,qvdwhkba
2020-10-21T13:07:50.809049+00:00,app[web.1]:,AB_TESTING:,A,1603285670673,0,0,qvdwhkba
2020-10-21T13:08:40.811639+00:00,app[web.1]:,AB_TESTING:,B,1603285694575,0,0,kpnywhcvwn
2020-10-21T13:08:45.973173+00:00,app[web.1]:,AB_TESTING:,B,1603285694575,1603285699910,mp1,kpnywhcvwn
2020-10-21T13:08:48.101829+00:00,app[web.1]:,AB_TESTING:,B,1603285694575,1603285702022,mp1,kpnywhcvwn
2020-10-21T13:08:50.474221+00:00,app[web.1]:,AB_TESTING:,B,1603285694575,1603285704416,mp2,kpnywhcvwn
2020-10-21T13:08:52.970043+00:00,app[web.1]:,AB_TESTING:,B,1603285694575,1603285706908,mp3,kpnywhcvwn
2020-10-21T13:08:55.383664+00:00,app[web.1]:,AB_TESTING:,B,1603285694575,1603285709325,mp4,kpnywhcvwn
2020-10-21T13:08:58.694711+00:00,app[web.1]:,AB_TESTING:,B,1603285694575,1603285712128,mp4,kpnywhcvwn
2020-10-21T13:09:00.826249+00:00,app[web.1]:,AB_TESTING:,B,1603285694575,1603285714767,mp3,kpnywhcvwn
2020-10-21T13:09:08.795774+00:00,app[web.1]:,AB_TESTING:,B,1603285694575,1603285722739,mp2,kpnywhcvwn
2020-10-21T13:09:14.354350+00:00,app[web.1]:,AB_TESTING:,C,1603285728275,0,0,kpnywhcvwn
2020-10-21T13:09:29.188884+00:00,app[web.1]:,AB_TESTING:,B,1603285768885,0,0,buwrugbj
2020-10-21T13:09:33.842670+00:00,app[web.1]:,AB_TESTING:,B,1603285768885,1603285773728,mp4,buwrugbj
2020-10-21T13:09:34.441991+00:00,app[web.1]:,AB_TESTING:,B,1603285768885,1603285774319,mp4,buwrugbj
2020-10-21T13:09:35.888693+00:00,app[web.1]:,AB_TESTING:,B,1603285768885,1603285775773,mp3,buwrugbj
2020-10-21T13:09:36.666658+00:00,app[web.1]:,AB_TESTING:,B,1603285768885,1603285776552,mp3,buwrugbj
2020-10-21T13:09:38.413715+00:00,app[web.1]:,AB_TESTING:,B,1603285768885,1603285778298,mp2,buwrugbj
2020-10-21T13:09:39.466044+00:00,app[web.1]:,AB_TESTING:,B,1603285768885,1603285779345,mp1,buwrugbj
2020-10-21T13:09:41.033826+00:00,app[web.1]:,AB_TESTING:,B,1603285768885,1603285780920,mp4,buwrugbj
2020-10-21T13:09:41.438420+00:00,app[web.1]:,AB_TESTING:,B,1603285768885,1603285781327,mp4,buwrugbj
2020-10-21T13:09:41.774103+00:00,app[web.1]:,AB_TESTING:,B,1603285768885,1603285781659,mp4,buwrugbj
2020-10-21T13:09:42.426117+00:00,app[web.1]:,AB_TESTING:,B,1603285768885,1603285782309,mp4,buwrugbj
2020-10-21T13:09:44.917017+00:00,app[web.1]:,AB_TESTING:,B,1603285768885,1603285784802,mp4,buwrugbj
2020-10-21T13:09:45.518034+00:00,app[web.1]:,AB_TESTING:,B,1603285768885,1603285785402,mp4,buwrugbj
2020-10-21T13:11:55.061810+00:00,app[web.1]:,AB_TESTING:,A,1603285914373,0,0,oqzuxmj
2020-10-21T13:12:41.031746+00:00,app[web.1]:,AB_TESTING:,B,1603285961002,0,0,syuklkk
2020-10-21T13:12:45.102344+00:00,app[web.1]:,AB_TESTING:,B,1603285961002,1603285965073,mp4,syuklkk
2020-10-21T13:12:45.334554+00:00,app[web.1]:,AB_TESTING:,B,1603285961002,1603285965316,mp4,syuklkk
2020-10-21T13:12:45.582257+00:00,app[web.1]:,AB_TESTING:,B,1603285961002,1603285965563,mp4,syuklkk
2020-10-21T13:12:45.837772+00:00,app[web.1]:,AB_TESTING:,B,1603285961002,1603285965817,mp4,syuklkk
2020-10-21T13:12:46.065162+00:00,app[web.1]:,AB_TESTING:,B,1603285961002,1603285966040,mp4,syuklkk
2020-10-21T13:12:48.210425+00:00,app[web.1]:,AB_TESTING:,C,1603285968192,0,0,syuklkk
2020-10-21T13:13:14.713820+00:00,app[web.1]:,AB_TESTING:,A,1603285994631,0,0,efssohmfwf
2020-10-21T13:13:16.317999+00:00,app[web.1]:,AB_TESTING:,B,1603285994671,0,0,rbfiyxvu
2020-10-21T13:14:50.774040+00:00,app[web.1]:,AB_TESTING:,A,1603286090369,0,0,dqyswsxnl
2020-10-21T13:14:51.561090+00:00,app[web.1]:,AB_TESTING:,A,1603286090369,1603286091152,mp1,dqyswsxnl
2020-10-21T13:14:53.058296+00:00,app[web.1]:,AB_TESTING:,A,1603286090369,1603286092655,mp2,dqyswsxnl
2020-10-21T13:14:53.850072+00:00,app[web.1]:,AB_TESTING:,A,1603286090369,1603286093452,mp3,dqyswsxnl
2020-10-21T13:14:54.385378+00:00,app[web.1]:,AB_TESTING:,A,1603286090369,1603286093973,mp3,dqyswsxnl
2020-10-21T13:14:55.525962+00:00,app[web.1]:,AB_TESTING:,A,1603286090369,1603286095124,mp4,dqyswsxnl
2020-10-21T13:14:55.868580+00:00,app[web.1]:,AB_TESTING:,A,1603286090369,1603286095470,mp4,dqyswsxnl
2020-10-21T13:14:57.426810+00:00,app[web.1]:,AB_TESTING:,C,1603286097028,0,0,dqyswsxnl
2020-10-21T13:17:10.075580+00:00,app[web.1]:,AB_TESTING:,A,1603285994631,1603286229944,mp1,efssohmfwf
2020-10-21T13:17:10.229995+00:00,app[web.1]:,AB_TESTING:,A,1603285994631,1603286230201,mp1,efssohmfwf
2020-10-21T13:17:10.479532+00:00,app[web.1]:,AB_TESTING:,A,1603285994631,1603286230455,mp1,efssohmfwf
2020-10-21T13:17:10.766120+00:00,app[web.1]:,AB_TESTING:,A,1603285994631,1603286230736,mp1,efssohmfwf
2020-10-21T13:17:12.160421+00:00,app[web.1]:,AB_TESTING:,A,1603285994631,1603286232125,mp2,efssohmfwf
2020-10-21T13:17:12.356680+00:00,app[web.1]:,AB_TESTING:,A,1603285994631,1603286232325,mp2,efssohmfwf
2020-10-21T13:17:12.566606+00:00,app[web.1]:,AB_TESTING:,A,1603285994631,1603286232542,mp2,efssohmfwf
2020-10-21T13:17:12.839218+00:00,app[web.1]:,AB_TESTING:,A,1603285994631,1603286232805,mp2,efssohmfwf
2020-10-21T13:17:14.581903+00:00,app[web.1]:,AB_TESTING:,A,1603285994631,1603286234551,mp3,efssohmfwf
2020-10-21T13:17:14.747734+00:00,app[web.1]:,AB_TESTING:,A,1603285994631,1603286234712,mp3,efssohmfwf
2020-10-21T13:17:17.090011+00:00,app[web.1]:,AB_TESTING:,B,1603286236810,0,0,fztrxsd
2020-10-21T13:17:18.577562+00:00,app[web.1]:,AB_TESTING:,C,1603286238552,0,0,efssohmfwf
2020-10-21T13:17:19.400953+00:00,app[web.1]:,AB_TESTING:,B,1603286236810,1603286239124,mp1,fztrxsd
2020-10-21T13:17:21.094031+00:00,app[web.1]:,AB_TESTING:,B,1603286236810,1603286240819,mp2,fztrxsd
2020-10-21T13:17:21.276686+00:00,app[web.1]:,AB_TESTING:,B,1603286236810,1603286240998,mp2,fztrxsd
2020-10-21T13:17:22.919702+00:00,app[web.1]:,AB_TESTING:,B,1603286236810,1603286242651,mp3,fztrxsd
2020-10-21T13:17:23.094144+00:00,app[web.1]:,AB_TESTING:,B,1603286236810,1603286242823,mp3,fztrxsd
2020-10-21T13:17:23.266050+00:00,app[web.1]:,AB_TESTING:,B,1603286236810,1603286242993,mp3,fztrxsd
2020-10-21T13:17:24.575068+00:00,app[web.1]:,AB_TESTING:,B,1603286236810,1603286244303,mp4,fztrxsd
2020-10-21T13:17:24.771075+00:00,app[web.1]:,AB_TESTING:,B,1603286236810,1603286244490,mp4,fztrxsd
2020-10-21T13:17:24.930885+00:00,app[web.1]:,AB_TESTING:,B,1603286236810,1603286244660,mp4,fztrxsd
2020-10-21T13:17:27.822374+00:00,app[web.1]:,AB_TESTING:,C,1603286247478,0,0,fztrxsd
2020-10-21T13:17:30.153009+00:00,app[web.1]:,AB_TESTING:,B,1603286249841,0,0,fztrxsd
2020-10-21T13:17:57.632372+00:00,app[web.1]:,AB_TESTING:,B,1603286277359,0,0,fztrxsd
2020-10-21T13:18:09.394320+00:00,app[web.1]:,AB_TESTING:,B,1603286289329,0,0,rixduqhj
2020-10-21T13:18:10.630979+00:00,app[web.1]:,AB_TESTING:,B,1603286289329,1603286290583,mp1,rixduqhj
2020-10-21T13:18:13.387181+00:00,app[web.1]:,AB_TESTING:,B,1603286289329,1603286293344,mp2,rixduqhj
2020-10-21T13:18:13.574766+00:00,app[web.1]:,AB_TESTING:,B,1603286289329,1603286293529,mp2,rixduqhj
2020-10-21T13:18:13.734132+00:00,app[web.1]:,AB_TESTING:,B,1603286289329,1603286293692,mp2,rixduqhj
2020-10-21T13:18:15.211919+00:00,app[web.1]:,AB_TESTING:,B,1603286289329,1603286295170,mp3,rixduqhj
2020-10-21T13:18:15.418093+00:00,app[web.1]:,AB_TESTING:,B,1603286289329,1603286295372,mp3,rixduqhj
2020-10-21T13:18:15.726229+00:00,app[web.1]:,AB_TESTING:,B,1603286289329,1603286295687,mp3,rixduqhj
2020-10-21T13:18:16.862283+00:00,app[web.1]:,AB_TESTING:,B,1603286289329,1603286296817,mp4,rixduqhj
2020-10-21T13:18:17.065405+00:00,app[web.1]:,AB_TESTING:,B,1603286289329,1603286297020,mp4,rixduqhj
2020-10-21T13:18:17.260891+00:00,app[web.1]:,AB_TESTING:,B,1603286289329,1603286297214,mp4,rixduqhj
2020-10-21T13:18:17.450496+00:00,app[web.1]:,AB_TESTING:,B,1603286289329,1603286297399,mp4,rixduqhj
2020-10-21T13:18:17.561913+00:00,app[web.1]:,AB_TESTING:,B,1603286289329,1603286297521,mp4,rixduqhj
2020-10-21T13:18:19.829869+00:00,app[web.1]:,AB_TESTING:,C,1603286299760,0,0,rixduqhj
2020-10-21T13:18:55.538070+00:00,app[web.1]:,AB_TESTING:,A,1603285914373,1603286334492,mp3,oqzuxmj
2020-10-21T13:18:55.786716+00:00,app[web.1]:,AB_TESTING:,A,1603285914373,1603286335597,mp3,oqzuxmj
2020-10-21T13:18:56.029854+00:00,app[web.1]:,AB_TESTING:,A,1603285914373,1603286335839,mp3,oqzuxmj
2020-10-21T13:18:56.255223+00:00,app[web.1]:,AB_TESTING:,A,1603285914373,1603286336071,mp3,oqzuxmj
2020-10-21T13:18:56.493328+00:00,app[web.1]:,AB_TESTING:,A,1603285914373,1603286336303,mp3,oqzuxmj
2020-10-21T13:18:56.738212+00:00,app[web.1]:,AB_TESTING:,A,1603285914373,1603286336537,mp3,oqzuxmj
2020-10-21T13:18:57.445216+00:00,app[web.1]:,AB_TESTING:,A,1603285914373,1603286337230,mp4,oqzuxmj
2020-10-21T13:18:57.706148+00:00,app[web.1]:,AB_TESTING:,A,1603285914373,1603286337518,mp4,oqzuxmj
2020-10-21T13:18:59.399087+00:00,app[web.1]:,AB_TESTING:,C,1603286339212,0,0,oqzuxmj
2020-10-21T13:20:19.026379+00:00,app[web.1]:,AB_TESTING:,A,1603286418099,0,0,owpvbra
2020-10-21T13:20:23.240447+00:00,app[web.1]:,AB_TESTING:,A,1603286418099,1603286423085,mp2,owpvbra
2020-10-21T13:20:23.478459+00:00,app[web.1]:,AB_TESTING:,A,1603286418099,1603286423326,mp2,owpvbra
2020-10-21T13:20:23.711422+00:00,app[web.1]:,AB_TESTING:,A,1603286418099,1603286423560,mp2,owpvbra
2020-10-21T13:20:25.106179+00:00,app[web.1]:,AB_TESTING:,A,1603286418099,1603286424950,mp4,owpvbra
2020-10-21T13:20:25.358140+00:00,app[web.1]:,AB_TESTING:,A,1603286418099,1603286425192,mp4,owpvbra
2020-10-21T13:20:25.592876+00:00,app[web.1]:,AB_TESTING:,A,1603286418099,1603286425443,mp4,owpvbra
2020-10-21T13:20:29.470676+00:00,app[web.1]:,AB_TESTING:,C,1603286429082,0,0,owpvbra
2020-10-21T13:20:34.706549+00:00,app[web.1]:,AB_TESTING:,A,1603286434346,0,0,owpvbra
2020-10-21T13:20:38.581687+00:00,app[web.1]:,AB_TESTING:,A,1603286434346,1603286438428,mp1,owpvbra
2020-10-21T13:26:08.212201+00:00,app[web.1]:,AB_TESTING:,B,1603286767798,0,0,bowbkcc
2020-10-21T13:26:11.494293+00:00,app[web.1]:,AB_TESTING:,B,1603286767798,1603286771373,mp1,bowbkcc
2020-10-21T13:26:11.720140+00:00,app[web.1]:,AB_TESTING:,B,1603286767798,1603286771606,mp1,bowbkcc
2020-10-21T13:26:14.074501+00:00,app[web.1]:,AB_TESTING:,B,1603286767798,1603286773942,mp4,bowbkcc
2020-10-21T13:26:15.973960+00:00,app[web.1]:,AB_TESTING:,B,1603286767798,1603286774201,mp4,bowbkcc
2020-10-21T13:26:17.058314+00:00,app[web.1]:,AB_TESTING:,B,1603286767798,1603286776275,mp4,bowbkcc
2020-10-21T13:26:17.286350+00:00,app[web.1]:,AB_TESTING:,B,1603286767798,1603286777174,mp4,bowbkcc
2020-10-21T13:26:17.521373+00:00,app[web.1]:,AB_TESTING:,B,1603286767798,1603286777400,mp4,bowbkcc
2020-10-21T13:26:17.867015+00:00,app[web.1]:,AB_TESTING:,B,1603286767798,1603286777756,mp4,bowbkcc
2020-10-21T13:26:21.060772+00:00,app[web.1]:,AB_TESTING:,C,1603286780931,0,0,bowbkcc
2020-10-21T13:26:22.901793+00:00,app[web.1]:,AB_TESTING:,B,1603286782729,0,0,bowbkcc
2020-10-21T13:29:01.042806+00:00,app[web.1]:,AB_TESTING:,B,1603286940672,0,0,rrtdlnl
2020-10-21T13:34:03.279204+00:00,app[web.1]:,AB_TESTING:,B,1603286940672,1603287242270,mp4,rrtdlnl
2020-10-21T13:34:03.733705+00:00,app[web.1]:,AB_TESTING:,B,1603286940672,1603287243574,mp3,rrtdlnl
2020-10-21T13:34:04.034296+00:00,app[web.1]:,AB_TESTING:,B,1603286940672,1603287243880,mp3,rrtdlnl
2020-10-21T13:34:04.946241+00:00,app[web.1]:,AB_TESTING:,B,1603286940672,1603287244794,mp4,rrtdlnl
2020-10-21T13:34:05.239933+00:00,app[web.1]:,AB_TESTING:,B,1603286940672,1603287245079,mp4,rrtdlnl
2020-10-21T13:34:05.938389+00:00,app[web.1]:,AB_TESTING:,B,1603286940672,1603287245764,mp4,rrtdlnl
2020-10-21T13:34:06.483419+00:00,app[web.1]:,AB_TESTING:,B,1603286940672,1603287246328,mp4,rrtdlnl
2020-10-21T13:34:12.562398+00:00,app[web.1]:,AB_TESTING:,C,1603287252363,0,0,rrtdlnl
2020-10-21T13:34:15.914196+00:00,app[web.1]:,AB_TESTING:,B,1603287255724,0,0,rrtdlnl
2020-10-21T21:34:33.892205+00:00,app[web.1]:,AB_TESTING:,A,1603316062725,0,0,rkrvvjtys
2020-10-21T21:34:35.443352+00:00,app[web.1]:,AB_TESTING:,A,1603316075443,0,0,oceeag
2020-10-21T21:34:37.557645+00:00,app[web.1]:,AB_TESTING:,A,1603316062725,1603316066430,mp1,rkrvvjtys
2020-10-21T21:34:37.752367+00:00,app[web.1]:,AB_TESTING:,A,1603316062725,1603316066622,mp1,rkrvvjtys
2020-10-21T21:34:37.834102+00:00,app[web.1]:,AB_TESTING:,A,1603316075443,1603316077838,mp1,oceeag
2020-10-21T21:34:38.338927+00:00,app[web.1]:,AB_TESTING:,A,1603316075443,1603316078343,mp1,oceeag
2020-10-21T21:34:38.509438+00:00,app[web.1]:,AB_TESTING:,A,1603316075443,1603316078514,mp1,oceeag
2020-10-21T21:34:38.566305+00:00,app[web.1]:,AB_TESTING:,A,1603316062725,1603316067438,mp2,rkrvvjtys
2020-10-21T21:34:38.683290+00:00,app[web.1]:,AB_TESTING:,A,1603316075443,1603316078687,mp1,oceeag
2020-10-21T21:34:38.751588+00:00,app[web.1]:,AB_TESTING:,A,1603316062725,1603316067622,mp2,rkrvvjtys
2020-10-21T21:34:38.890609+00:00,app[web.1]:,AB_TESTING:,A,1603316062725,1603316067757,mp2,rkrvvjtys
2020-10-21T21:34:39.654998+00:00,app[web.1]:,AB_TESTING:,A,1603316062725,1603316068525,mp3,rkrvvjtys
2020-10-21T21:34:39.863937+00:00,app[web.1]:,AB_TESTING:,A,1603316062725,1603316068734,mp3,rkrvvjtys
2020-10-21T21:34:39.926673+00:00,app[web.1]:,AB_TESTING:,A,1603316075443,1603316079931,mp2,oceeag
2020-10-21T21:34:40.072208+00:00,app[web.1]:,AB_TESTING:,A,1603316075443,1603316080076,mp2,oceeag
2020-10-21T21:34:40.210780+00:00,app[web.1]:,AB_TESTING:,A,1603316075443,1603316080215,mp2,oceeag
2020-10-21T21:34:40.357111+00:00,app[web.1]:,AB_TESTING:,A,1603316075443,1603316080362,mp2,oceeag
2020-10-21T21:34:40.527159+00:00,app[web.1]:,AB_TESTING:,A,1603316075443,1603316080531,mp2,oceeag
2020-10-21T21:34:41.610162+00:00,app[web.1]:,AB_TESTING:,C,1603316081614,0,0,oceeag
2020-10-21T21:34:46.081121+00:00,app[web.1]:,AB_TESTING:,A,1603316086084,0,0,oceeag
2020-10-21T21:34:47.357332+00:00,app[web.1]:,AB_TESTING:,A,1603316086084,1603316087360,mp1,oceeag
2020-10-21T21:34:47.526819+00:00,app[web.1]:,AB_TESTING:,A,1603316086084,1603316087532,mp1,oceeag
2020-10-21T21:34:47.694266+00:00,app[web.1]:,AB_TESTING:,A,1603316086084,1603316087700,mp1,oceeag
2020-10-21T21:34:47.858449+00:00,app[web.1]:,AB_TESTING:,A,1603316086084,1603316087864,mp1,oceeag
2020-10-21T21:34:50.460044+00:00,app[web.1]:,AB_TESTING:,C,1603316090463,0,0,oceeag
2020-10-21T21:34:55.927901+00:00,app[web.1]:,AB_TESTING:,A,1603316095929,0,0,oceeag
2020-10-21T21:35:12.664326+00:00,app[web.1]:,AB_TESTING:,B,1603316112426,0,0,cfdrnmxq
2020-10-21T21:35:19.173953+00:00,app[web.1]:,AB_TESTING:,B,1603316112426,1603316118940,mp1,cfdrnmxq
2020-10-21T21:35:19.347889+00:00,app[web.1]:,AB_TESTING:,B,1603316112426,1603316119115,mp1,cfdrnmxq
2020-10-21T21:35:19.509900+00:00,app[web.1]:,AB_TESTING:,B,1603316112426,1603316119277,mp1,cfdrnmxq
2020-10-21T21:35:19.969653+00:00,app[web.1]:,AB_TESTING:,B,1603316112426,1603316119732,mp1,cfdrnmxq
2020-10-21T21:35:23.231107+00:00,app[web.1]:,AB_TESTING:,B,1603316112426,1603316122993,mp3,cfdrnmxq
2020-10-21T21:35:23.363918+00:00,app[web.1]:,AB_TESTING:,B,1603316112426,1603316123130,mp3,cfdrnmxq
2020-10-21T21:35:23.657447+00:00,app[web.1]:,AB_TESTING:,B,1603316112426,1603316123423,mp3,cfdrnmxq
2020-10-21T21:35:24.988345+00:00,app[web.1]:,AB_TESTING:,B,1603316112426,1603316124748,mp2,cfdrnmxq
2020-10-21T21:35:26.471925+00:00,app[web.1]:,AB_TESTING:,C,1603316126236,0,0,cfdrnmxq
2020-10-21T21:35:27.348356+00:00,app[web.1]:,AB_TESTING:,B,1603316127113,0,0,cfdrnmxq
2020-10-21T21:35:44.190309+00:00,app[web.1]:,AB_TESTING:,B,1603316144386,0,0,uibdrmyaot
2020-10-21T21:35:49.000405+00:00,app[web.1]:,AB_TESTING:,B,1603316144386,1603316149203,mp4,uibdrmyaot
2020-10-21T21:35:52.920530+00:00,app[web.1]:,AB_TESTING:,C,1603316153114,0,0,uibdrmyaot
2020-10-21T21:35:54.368811+00:00,app[web.1]:,AB_TESTING:,B,1603316154568,0,0,uibdrmyaot
2020-10-21T21:39:11.382734+00:00,app[web.1]:,AB_TESTING:,A,1603316351263,0,0,nxscraoa
2020-10-21T21:39:19.432358+00:00,app[web.1]:,AB_TESTING:,A,1603316351263,1603316359317,mp1,nxscraoa
2020-10-21T21:39:20.341678+00:00,app[web.1]:,AB_TESTING:,A,1603316351263,1603316360227,mp1,nxscraoa
2020-10-21T21:39:20.600144+00:00,app[web.1]:,AB_TESTING:,A,1603316351263,1603316360486,mp1,nxscraoa
2020-10-21T21:39:20.815855+00:00,app[web.1]:,AB_TESTING:,A,1603316351263,1603316360702,mp1,nxscraoa
2020-10-21T21:39:30.347675+00:00,app[web.1]:,AB_TESTING:,B,1603316370208,0,0,nxscraoa
2020-10-21T21:39:40.599021+00:00,app[web.1]:,AB_TESTING:,B,1603316370208,1603316380484,mp4,nxscraoa
2020-10-21T21:39:40.814888+00:00,app[web.1]:,AB_TESTING:,B,1603316370208,1603316380700,mp4,nxscraoa
2020-10-21T21:39:41.039057+00:00,app[web.1]:,AB_TESTING:,B,1603316370208,1603316380923,mp4,nxscraoa
2020-10-21T21:39:41.895918+00:00,app[web.1]:,AB_TESTING:,B,1603316370208,1603316381783,mp4,nxscraoa
2020-10-21T21:39:45.823260+00:00,app[web.1]:,AB_TESTING:,C,1603316385603,0,0,nxscraoa
2020-10-21T21:40:18.536989+00:00,app[web.1]:,AB_TESTING:,A,1603316419124,0,0,wvssxhyx
2020-10-21T21:40:19.611683+00:00,app[web.1]:,AB_TESTING:,A,1603316419124,1603316420210,mp1,wvssxhyx
2020-10-21T21:40:20.015594+00:00,app[web.1]:,AB_TESTING:,A,1603316419124,1603316420611,mp1,wvssxhyx
2020-10-21T21:40:20.223842+00:00,app[web.1]:,AB_TESTING:,A,1603316419124,1603316420824,mp1,wvssxhyx
2020-10-21T21:40:20.576343+00:00,app[web.1]:,AB_TESTING:,A,1603316419124,1603316421100,mp1,wvssxhyx
2020-10-21T21:40:20.710967+00:00,app[web.1]:,AB_TESTING:,A,1603316419124,1603316421307,mp1,wvssxhyx
2020-10-21T21:40:20.926019+00:00,app[web.1]:,AB_TESTING:,A,1603316419124,1603316421519,mp1,wvssxhyx
2020-10-21T21:40:22.482216+00:00,app[web.1]:,AB_TESTING:,A,1603316419124,1603316423061,mp4,wvssxhyx
2020-10-21T21:40:22.628614+00:00,app[web.1]:,AB_TESTING:,A,1603316419124,1603316423229,mp4,wvssxhyx
2020-10-21T21:40:22.819777+00:00,app[web.1]:,AB_TESTING:,A,1603316419124,1603316423412,mp4,wvssxhyx
2020-10-21T21:40:22.980244+00:00,app[web.1]:,AB_TESTING:,A,1603316419124,1603316423581,mp4,wvssxhyx
2020-10-21T21:40:23.164943+00:00,app[web.1]:,AB_TESTING:,A,1603316419124,1603316423763,mp4,wvssxhyx
2020-10-21T21:40:23.340735+00:00,app[web.1]:,AB_TESTING:,A,1603316419124,1603316423939,mp4,wvssxhyx
2020-10-21T21:40:23.533157+00:00,app[web.1]:,AB_TESTING:,A,1603316419124,1603316424129,mp4,wvssxhyx
2020-10-21T21:40:23.746840+00:00,app[web.1]:,AB_TESTING:,A,1603316419124,1603316424342,mp4,wvssxhyx
2020-10-21T21:40:24.378192+00:00,app[web.1]:,AB_TESTING:,A,1603316419124,1603316424962,mp3,wvssxhyx
2020-10-21T21:40:25.592217+00:00,app[web.1]:,AB_TESTING:,A,1603316419124,1603316426193,mp2,wvssxhyx
2020-10-21T21:40:25.785787+00:00,app[web.1]:,AB_TESTING:,A,1603316419124,1603316426380,mp2,wvssxhyx
2020-10-21T21:40:25.976899+00:00,app[web.1]:,AB_TESTING:,A,1603316419124,1603316426565,mp2,wvssxhyx
2020-10-21T21:40:26.148713+00:00,app[web.1]:,AB_TESTING:,A,1603316419124,1603316426747,mp2,wvssxhyx
2020-10-21T21:40:26.330531+00:00,app[web.1]:,AB_TESTING:,A,1603316419124,1603316426929,mp2,wvssxhyx
2020-10-21T21:40:26.519295+00:00,app[web.1]:,AB_TESTING:,A,1603316419124,1603316427098,mp2,wvssxhyx
2020-10-21T21:40:26.689188+00:00,app[web.1]:,AB_TESTING:,A,1603316419124,1603316427281,mp2,wvssxhyx
2020-10-21T21:40:26.903057+00:00,app[web.1]:,AB_TESTING:,A,1603316419124,1603316427496,mp2,wvssxhyx
2020-10-21T21:40:28.445772+00:00,app[web.1]:,AB_TESTING:,A,1603316419124,1603316429036,mp1,wvssxhyx
2020-10-21T21:40:28.666990+00:00,app[web.1]:,AB_TESTING:,A,1603316419124,1603316429219,mp1,wvssxhyx
2020-10-21T21:40:28.893106+00:00,app[web.1]:,AB_TESTING:,A,1603316419124,1603316429433,mp1,wvssxhyx
2020-10-21T21:40:44.584475+00:00,app[web.1]:,AB_TESTING:,B,1603316444549,0,0,cajzbws
2020-10-21T21:40:48.584537+00:00,app[web.1]:,AB_TESTING:,B,1603316444549,1603316448542,mp4,cajzbws
2020-10-21T21:40:48.804234+00:00,app[web.1]:,AB_TESTING:,B,1603316444549,1603316448753,mp4,cajzbws
2020-10-21T21:40:48.999867+00:00,app[web.1]:,AB_TESTING:,B,1603316444549,1603316448960,mp4,cajzbws
2020-10-21T21:40:49.216847+00:00,app[web.1]:,AB_TESTING:,B,1603316444549,1603316449182,mp4,cajzbws
2020-10-21T21:40:51.032729+00:00,app[web.1]:,AB_TESTING:,B,1603316444549,1603316451003,mp1,cajzbws
2020-10-21T21:40:52.697921+00:00,app[web.1]:,AB_TESTING:,C,1603316452668,0,0,cajzbws
2020-10-21T21:42:33.526745+00:00,app[web.1]:,AB_TESTING:,A,1603316553480,0,0,optjawfjqb
2020-10-21T21:42:36.288892+00:00,app[web.1]:,AB_TESTING:,A,1603316553480,1603316556251,mp1,optjawfjqb
2020-10-21T21:42:37.759510+00:00,app[web.1]:,AB_TESTING:,A,1603316553480,1603316557722,mp2,optjawfjqb
2020-10-21T21:42:38.513571+00:00,app[web.1]:,AB_TESTING:,A,1603316553480,1603316558473,mp3,optjawfjqb
2020-10-21T21:42:39.458242+00:00,app[web.1]:,AB_TESTING:,A,1603316553480,1603316559421,mp4,optjawfjqb
2020-10-21T21:42:39.948981+00:00,app[web.1]:,AB_TESTING:,A,1603316553480,1603316559911,mp4,optjawfjqb
2020-10-21T21:42:40.154084+00:00,app[web.1]:,AB_TESTING:,A,1603316553480,1603316560116,mp4,optjawfjqb
2020-10-21T21:42:40.537259+00:00,app[web.1]:,AB_TESTING:,A,1603316553480,1603316560500,mp4,optjawfjqb
2020-10-21T21:42:40.718089+00:00,app[web.1]:,AB_TESTING:,A,1603316553480,1603316560681,mp4,optjawfjqb
2020-10-21T21:42:41.656541+00:00,app[web.1]:,AB_TESTING:,A,1603316553480,1603316561620,mp3,optjawfjqb
2020-10-21T21:42:43.599719+00:00,app[web.1]:,AB_TESTING:,C,1603316563561,0,0,optjawfjqb
2020-10-21T21:42:45.367134+00:00,app[web.1]:,AB_TESTING:,A,1603316565244,0,0,optjawfjqb
2020-10-21T21:42:59.294211+00:00,app[web.1]:,AB_TESTING:,A,1603316579184,0,0,iyvjuyp
2020-10-21T21:43:01.519542+00:00,app[web.1]:,AB_TESTING:,A,1603316579184,1603316581444,mp4,iyvjuyp
2020-10-21T21:43:01.677624+00:00,app[web.1]:,AB_TESTING:,A,1603316579184,1603316581605,mp4,iyvjuyp
2020-10-21T21:43:01.852113+00:00,app[web.1]:,AB_TESTING:,A,1603316579184,1603316581775,mp4,iyvjuyp
2020-10-21T21:43:01.998531+00:00,app[web.1]:,AB_TESTING:,A,1603316579184,1603316581928,mp4,iyvjuyp
2020-10-21T21:43:02.155583+00:00,app[web.1]:,AB_TESTING:,A,1603316579184,1603316582082,mp4,iyvjuyp
2020-10-21T21:43:02.332780+00:00,app[web.1]:,AB_TESTING:,A,1603316579184,1603316582260,mp4,iyvjuyp
2020-10-21T21:43:04.072346+00:00,app[web.1]:,AB_TESTING:,C,1603316583999,0,0,iyvjuyp
2020-10-21T21:44:39.773804+00:00,app[web.1]:,AB_TESTING:,A,1603316679685,0,0,tauljhlyqi
2020-10-21T21:44:42.059244+00:00,app[web.1]:,AB_TESTING:,A,1603316679685,1603316681994,mp3,tauljhlyqi
2020-10-21T21:44:43.252530+00:00,app[web.1]:,AB_TESTING:,A,1603316679685,1603316683186,mp3,tauljhlyqi
2020-10-21T21:44:43.405142+00:00,app[web.1]:,AB_TESTING:,A,1603316679685,1603316683343,mp3,tauljhlyqi
2020-10-21T21:44:43.523271+00:00,app[web.1]:,AB_TESTING:,A,1603316679685,1603316683460,mp3,tauljhlyqi
2020-10-21T21:44:43.648265+00:00,app[web.1]:,AB_TESTING:,A,1603316679685,1603316683585,mp3,tauljhlyqi
2020-10-21T21:44:43.801130+00:00,app[web.1]:,AB_TESTING:,A,1603316679685,1603316683735,mp3,tauljhlyqi
2020-10-21T21:44:43.944381+00:00,app[web.1]:,AB_TESTING:,A,1603316679685,1603316683877,mp3,tauljhlyqi
2020-10-21T21:44:46.198840+00:00,app[web.1]:,AB_TESTING:,C,1603316686130,0,0,tauljhlyqi
2020-10-21T21:45:41.089790+00:00,app[web.1]:,AB_TESTING:,B,1603316741054,0,0,aotasnsi
2020-10-21T21:45:42.696626+00:00,app[web.1]:,AB_TESTING:,B,1603316741054,1603316742663,mp1,aotasnsi
2020-10-21T21:45:45.026974+00:00,app[web.1]:,AB_TESTING:,B,1603316741054,1603316745021,mp2,aotasnsi
2020-10-21T21:45:48.804656+00:00,app[web.1]:,AB_TESTING:,B,1603316741054,1603316748795,mp3,aotasnsi
2020-10-21T21:45:49.946563+00:00,app[web.1]:,AB_TESTING:,B,1603316741054,1603316749938,mp4,aotasnsi
2020-10-21T21:45:50.741199+00:00,app[web.1]:,AB_TESTING:,B,1603316741054,1603316750664,mp4,aotasnsi
2020-10-21T21:45:53.171955+00:00,app[web.1]:,AB_TESTING:,C,1603316753144,0,0,aotasnsi
2020-10-21T21:45:54.616722+00:00,app[web.1]:,AB_TESTING:,B,1603316754603,0,0,aotasnsi
2020-10-21T21:45:56.377766+00:00,app[web.1]:,AB_TESTING:,B,1603316754603,1603316756369,mp4,aotasnsi
2020-10-21T21:45:56.554378+00:00,app[web.1]:,AB_TESTING:,B,1603316754603,1603316756547,mp4,aotasnsi
2020-10-21T21:45:59.134044+00:00,app[web.1]:,AB_TESTING:,C,1603316759092,0,0,aotasnsi
2020-10-21T21:51:37.075956+00:00,app[web.1]:,AB_TESTING:,A,1603317097017,0,0,wbopnyjw
2020-10-21T21:51:38.356513+00:00,app[web.1]:,AB_TESTING:,A,1603317097017,1603317098297,mp4,wbopnyjw
2020-10-21T21:51:38.551760+00:00,app[web.1]:,AB_TESTING:,A,1603317097017,1603317098494,mp4,wbopnyjw
2020-10-21T21:51:38.728311+00:00,app[web.1]:,AB_TESTING:,A,1603317097017,1603317098676,mp4,wbopnyjw
2020-10-21T21:51:38.915098+00:00,app[web.1]:,AB_TESTING:,A,1603317097017,1603317098853,mp4,wbopnyjw
2020-10-21T21:51:39.081274+00:00,app[web.1]:,AB_TESTING:,A,1603317097017,1603317099026,mp4,wbopnyjw
2020-10-21T21:51:39.277823+00:00,app[web.1]:,AB_TESTING:,A,1603317097017,1603317099200,mp4,wbopnyjw
2020-10-21T21:51:39.423166+00:00,app[web.1]:,AB_TESTING:,A,1603317097017,1603317099359,mp4,wbopnyjw
2020-10-21T21:51:39.581996+00:00,app[web.1]:,AB_TESTING:,A,1603317097017,1603317099526,mp4,wbopnyjw
2020-10-21T21:51:39.738631+00:00,app[web.1]:,AB_TESTING:,A,1603317097017,1603317099684,mp4,wbopnyjw
2020-10-21T21:51:39.904178+00:00,app[web.1]:,AB_TESTING:,A,1603317097017,1603317099851,mp4,wbopnyjw
2020-10-21T21:51:41.420025+00:00,app[web.1]:,AB_TESTING:,C,1603317101360,0,0,wbopnyjw
2020-10-21T21:51:41.849165+00:00,app[web.1]:,AB_TESTING:,A,1603317101793,0,0,wbopnyjw
2020-10-21T22:54:26.005514+00:00,app[web.1]:,AB_TESTING:,B,1603320865971,0,0,cajzbws
2020-10-21T22:57:40.093280+00:00,app[web.1]:,AB_TESTING:,A,1603321059727,0,0,cfdrnmxq
2020-10-26T20:50:00.066343+00:00,app[web.1]:,AB_TESTING:,A,1603745400541,0,0,clxocyk
